<?xml version="1.0" encoding="UTF-8"?>
<clinical_study rank="1">
  <!-- This xml conforms to an XML Schema at:
    https://clinicaltrials.gov/ct2/html/images/info/public.xsd -->
  <required_header>
    <download_date>ClinicalTrials.gov processed this data on August 05, 2020</download_date>
    <link_text>Link to the current ClinicalTrials.gov record.</link_text>
    <url>https://clinicaltrials.gov/show/NCT03587740</url>
  </required_header>
  <id_info>
    <org_study_id>18-124</org_study_id>
    <nct_id>NCT03587740</nct_id>
    <nct_alias>NCT02414646</nct_alias>
  </id_info>
  <brief_title>ATOP TRIAL: T-DM1 in HER2 Positive Breast Cancer</brief_title>
  <official_title>ATOP TRIAL: Adjuvant Ado-Trastuzumab Emtansine (T-DM1) for Older Patients With Human Epidermal Growth Factor Receptor 2 (HER2)-Positive Breast Cancer</official_title>
  <sponsors>
    <lead_sponsor>
      <agency>Dana-Farber Cancer Institute</agency>
      <agency_class>Other</agency_class>
    </lead_sponsor>
    <collaborator>
      <agency>Susan G. Komen Breast Cancer Foundation</agency>
      <agency_class>Other</agency_class>
    </collaborator>
    <collaborator>
      <agency>Gateway for Cancer Research</agency>
      <agency_class>Other</agency_class>
    </collaborator>
  </sponsors>
  <source>Dana-Farber Cancer Institute</source>
  <oversight_info>
    <has_dmc>Yes</has_dmc>
    <is_fda_regulated_drug>Yes</is_fda_regulated_drug>
    <is_fda_regulated_device>No</is_fda_regulated_device>
  </oversight_info>
  <brief_summary>
    <textblock>
      This research study is studying an investigational drug as a possible treatment for breast
      cancer that is positive for the protein Human Epidermal Growth Factor Receptor 2, also known
      as HER2-positive breast cancer.

      The drug involved in this study is:

      -ado-trastuzumab emtansine (T-DM1)
    </textblock>
  </brief_summary>
  <detailed_description>
    <textblock>
      This research study is a Phase II clinical trial. Phase II clinical trials test the safety
      and effectiveness of an investigational drug to learn whether the drug works in treating a
      specific disease. &quot;Investigational&quot; means that the drug is being studied and research doctors
      are trying to find out more about it—such as the safest dose to use and the side effects it
      may cause.

      The purpose of this research study is to examine the long-term benefits of T-DM1 with regard
      to breast cancer and take a closer look at the side effects experienced by participants
      receiving T-DM1.

      The FDA (the U.S. Food and Drug Administration) has not approved T-DM1 for use in patients
      with stage I, II, or III breast cancer, but it has been approved for use in advanced,
      previously treated, HER2-positive breast cancer.

      T-DM1 is an antibody-drug conjugate; it is made up of an antibody (trastuzumab) linked to a
      cytotoxic drug, DM1 (chemotherapy). T-DM1 functions as a targeted cancer therapy because it
      targets HER2-positive breast cancer cells directly, limiting exposure of the rest of the body
      to chemotherapy. More specifically, the trastuzumab in T-DM1 first binds to the HER2 protein
      on the surface of the breast cancer cells and the DM1 then enters the cells and can cause
      them to die, preventing tumor growth
    </textblock>
  </detailed_description>
  <overall_status>Recruiting</overall_status>
  <start_date type="Actual">August 22, 2018</start_date>
  <completion_date type="Anticipated">January 31, 2025</completion_date>
  <primary_completion_date type="Anticipated">January 31, 2022</primary_completion_date>
  <phase>Phase 2</phase>
  <study_type>Interventional</study_type>
  <has_expanded_access>No</has_expanded_access>
  <study_design_info>
    <allocation>N/A</allocation>
    <intervention_model>Single Group Assignment</intervention_model>
    <primary_purpose>Treatment</primary_purpose>
    <masking>None (Open Label)</masking>
  </study_design_info>
  <primary_outcome>
    <measure>5-year invasive disease-free survival rate</measure>
    <time_frame>5 years</time_frame>
    <description>To evaluate invasive disease-free survival (IDFS) for patient receiving T-DM1</description>
  </primary_outcome>
  <secondary_outcome>
    <measure>Recurrence-free survival</measure>
    <time_frame>2 years</time_frame>
    <description>To evaluate recurrence-free survival (RFS) for patient receiving T-DM1, defined as the time from study enrollment to disease recurrence and will not include death as an event.</description>
  </secondary_outcome>
  <secondary_outcome>
    <measure>Overall Survival</measure>
    <time_frame>2 years</time_frame>
    <description>To evaluate overall survival (OS) for patient receiving T-DM1, defined as the time from study enrollment to death attributable to any cause (i.e. death from breast cancer, non-breast cancer cause, or from unknown cause).</description>
  </secondary_outcome>
  <secondary_outcome>
    <measure>Site of first recurrence</measure>
    <time_frame>2 years</time_frame>
    <description>To evaluate site of first recurrence for patient receiving T-DM1, which will be tabulated as frequencies and relative frequencies.</description>
  </secondary_outcome>
  <secondary_outcome>
    <measure>Incidence Rate of each Toxicity (Safety)</measure>
    <time_frame>2 years</time_frame>
    <description>To evaluate adverse events for patient receiving T-DM1, defined as adverse events of all grades utilizing CTCAE v4</description>
  </secondary_outcome>
  <secondary_outcome>
    <measure>Incidence Rate of Cardiac-Related Adverse Events (left ventricular systolic dysfunction)</measure>
    <time_frame>2 years</time_frame>
    <description>To evaluate cardiac-related adverse events for patients receiving T-DM1, defined as incidence of symptomatic left ventricular systolic dysfunction</description>
  </secondary_outcome>
  <secondary_outcome>
    <measure>Incidence Rate of Cardiac-Related Adverse Events (cardiac death)</measure>
    <time_frame>2 years</time_frame>
    <description>To evaluate cardiac-related adverse events for patients receiving T-DM1, defined as incidence of cardiac death</description>
  </secondary_outcome>
  <secondary_outcome>
    <measure>Incidence Rate of Cardiac-Related Adverse Events (decreased ejection fraction)</measure>
    <time_frame>2 years</time_frame>
    <description>To evaluate cardiac-related adverse events for patients receiving T-DM1, defined as decrease in ejection fraction by at least 10 percentage points below baseline or to below 50%.</description>
  </secondary_outcome>
  <number_of_arms>1</number_of_arms>
  <enrollment type="Anticipated">82</enrollment>
  <condition>Breast Cancer</condition>
  <arm_group>
    <arm_group_label>T-DM1</arm_group_label>
    <arm_group_type>Experimental</arm_group_type>
    <description>T-DM1 will be administered every 3 weeks intravenously, with 21 consecutive days defined as a treatment.</description>
  </arm_group>
  <intervention>
    <intervention_type>Drug</intervention_type>
    <intervention_name>T-DM1</intervention_name>
    <description>T-DM1 is an antibody-drug conjugate; it is made up of an antibody (trastuzumab) linked to a cytotoxic drug, DM1 (chemotherapy). T-DM1 functions as a targeted cancer therapy because it targets HER2-positive breast cancer cells directly, limiting exposure of the rest of the body to chemotherapy.</description>
    <arm_group_label>T-DM1</arm_group_label>
    <other_name>Kadcyla</other_name>
  </intervention>
  <eligibility>
    <criteria>
      <textblock>
        Inclusion Criteria:

          -  Participants must have histologically or cytologically confirmed HER2-positive disease
             by local pathology, defined as immunohistochemistry (IHC) 3+ or amplification by FISH
             (HER2/CEP17 ratio ≥2 or an average of ≥6 HER2 gene copies per nucleus) AND confirmed
             by Central Pathology Review (Dr. Deborah Dillon at Brigham and Women's Hospital,
             Boston, MA) prior to patient being registered to begin protocol therapy. See section
             3.4. http://ascopubs.org/doi/full/10.1200/jco.2013.50.9984

          -  NOTE: DCIS components should not be counted in the determination of HER2 status.

          -  Age ≥60 years at the time of study registration (men and women eligible)

          -  Participants must have histologically or cytologically confirmed Stage I-III breast
             cancer with the following criteria met:

          -  If node-negative or if node status unknown (because it was not assessed), tumor must
             be &gt;5 mm (T1b per AJCC 7th edition) of any hormone receptor subtype (document ER/PR
             status: if some ER/PR staining is present, ER and PR negative are defined as being
             positive in &lt;10% cells [per local pathology read]).

          -  If node-positive (N1-N3), T1mi, T1a, T1b, T1c, T2, or T3 tumors are eligible (see
             below for further details on defining node-negative disease) Definition of
             node-negative disease (when node status known): If the patient has had a negative
             sentinel node biopsy and/or a negative axillary dissection, then the patient is
             determined to be node-negative. Axillary nodes with single cells or tumor clusters ≤
             0.2 mm by either H&amp;E or IHC will be considered node-negative. Any axillary lymph node
             with tumor clusters between 0.02 and 0.2cm is considered a micrometastasis. Patients
             with a micrometastasis are eligible even if their tumor is &lt;/= 5mm. An axillary
             dissection is not required to be performed in patients with a positive sentinel node
             and management of the axilla will be left up to the treating provider. In cases where
             the specific pathologic size of lymph node involvement is subject to interpretation,
             the principal investigator will make the final determination as to eligibility. In
             these special situations, the investigator must document this approval in the patient
             medical record.

          -  ER/PR determination assays performed by IHC methods according to the local institution
             standard protocol.

          -  Standard chemotherapy/trastuzumab declined by patient OR patient is deemed by
             physician for any reason to not be a candidate for standard therapy (i.e. patient
             and/or provider choose not to pursue standard trastuzumab-based chemotherapy regimen
             because of concerns related to toxicity or provider/patient preference).

          -  For patients with bilateral or multifocal/multicentric breast cancers, one of the
             following criteria must be met to enroll: (1) each cancer individually meets criteria
             for enrollment (only ONE tumor has to undergo central confirmation for HER2), OR (2)
             at least one tumor meets eligibility (per tumor size/nodes/subtype outlined above) and
             the other foci in the ipsilateral or contralateral breast are also HER2-positive but
             are too small for enrollment (e.g., a patient is eligible if a cancer is T2N0 and
             HER2-positive in one breast, but the contralateral breast has a T1a HER2+ cancer that
             isn't eligible on its own, OR, (3) at least one tumor meets eligibility and the other
             foci in the ipsilateral or contralateral breast are HER2-negative and do not meet
             criteria for adjuvant chemotherapy per provider discretion (e.g. if a patient has a
             HER2-positive tumor meeting eligibility but also has a second, HER2-negative, small,
             node-negative, ER+, low grade cancer present, she is still eligible for enrollment).
             However, in the specific case that a second breast cancer is stage III and
             HER2-negative, that patient is excluded (because the second cancer is high-risk and
             likely will require non-HER2-directed therapy).

          -  All tumor removed by either a modified radical mastectomy or a segmental mastectomy
             (lumpectomy).

          -  NOTE: Management of axillary lymph nodes is up to the treating provider; however, all
             surgical margins should be clear of invasive cancer or DCIS (i.e., no tumor on ink).
             The local pathologist must document negative margins of resection in the pathology
             report. If all other margins are clear, a positive posterior (deep) margin is
             permitted, provided the surgeon documents that the excision was performed down to the
             pectoral fascia and all tumor has been removed. Likewise, if all other margins are
             clear, a positive anterior (superficial; abutting skin) margin is permitted provided
             the surgeon documents that all tumor has been removed.

             -≤90 days from the patient's most recent breast surgery for this breast cancer.

          -  ECOG Performance Status (PS) 0-2. See Appendix F.

          -  Baseline ejection fraction ≥50% by MUGA scan or echocardiogram performed ≤60 days
             prior to registration.

          -  The following laboratory values obtained ≤14 days prior to registration:

               -  Absolute neutrophil count (ANC) ≥1500/mm3

               -  Platelet count ≥100,000/mm3

               -  Hemoglobin &gt;9.0 g/dL

               -  Total bilirubin ≤1.5 x upper limit of normal (ULN). If patient has known
                  Gilbert's syndrome, direct bilirubin ≤2.0 x ULN.

               -  AST and ALT ≤2.5 x ULN, alkaline phosphatase ≤2.5 x ULN

               -  INR &lt;1.5 x ULN for institution unless patient is on planned therapy with
                  anticoagulants (i.e., warfarin) with higher target planned. In those cases, INR
                  up to 3.5 is acceptable.

               -  PTT &lt;1.5 x ULN for institution unless patient is on planned therapy with heparin
                  or heparin-like products

          -  Life expectancy &gt;5 years per provider's assessment

          -  Willing to employ adequate and appropriate birth control if applicable

          -  NOTE: This study is for patients aged 60 and older, and most female patients will have
             entered menopause by this time; however patients should not become pregnant while on
             this study because T-DM1 can affect an unborn baby. Pre-menopausal women need to use
             birth control while on this study and women should not breastfeed a baby while on this
             study. Any man treated on this study will also need to use contraception if his
             partner is a premenopausal female. Patients should check with their health care
             provider about what kind of birth control methods to use and how long to use them.

          -  Negative urine or serum pregnancy test done ≤7 days prior to registration, for women
             of childbearing potential only

          -  NOTE: In the rare case that a woman enrolling on study is of childbearing potential, a
             pregnancy test is required prior to enrollment on study.

          -  Able to provide informed written consent.

          -  Willing to return to consenting institution for follow-up at 6 months

          -  Willing to provide blood samples for mandatory correlative research purposes.

          -  Ability to understand and the willingness to sign a written informed consent document

        Exclusion Criteria:

          -  Evidence of metastatic disease.

          -  Patients will not require baseline staging PET or CT chest, abdomen, pelvis or bone
             scan to rule out metastatic disease prior to enrollment. Any staging scans will be
             ordered at the treating provider's discretion. If metastatic disease is found on any
             staging studies done, patients will not be eligible for enrollment.

          -  Locally advanced tumors at diagnosis (T4), including tumors fixed to the chest wall,
             peau d'orange, skin ulcerations/nodules, or clinical inflammatory changes (diffuse
             brawny cutaneous induration with an erysipeloid).

          -  Patients with stage III, HER2-negative cancer in the contralateral breast (see 3.1.6
             above).

          -  Positive Hepatitis B (Hepatitis B surface antigen and antibody) and/or Hepatitis C
             (Hepatitis C antibody test) as indicated by serologies conducted ≤3 months prior to
             registration if liver function tests are outside of the normal institutional range.

          -  NOTE: Patients with positive Hepatitis B or C serologies indicating active infection
             without known active disease must meet the eligibility requirements for ALT, AST,
             total bilirubin, INR, PTT, and alkaline phosphatase on at least two consecutive
             occasions, separated by at least 1 week. Patients with laboratory evidence of
             vaccination to Hepatitis B (e.g., positive antibodies) are eligible.

          -  Active liver disease, for example, due to autoimmune hepatic disorder, or sclerosing
             cholangitis.

          -  Significant, active cardiopulmonary dysfunction as indicated by MUGA or echocardiogram
             performed ≤60 days prior to registration and/or by presence of any of the following:

               -  History of NCI CTCAE (Version 4.0) Grade ≥3 symptomatic congestive heart failure
                  (CHF) or NYHA criteria Class ≥ II

               -  Angina pectoris requiring anti-anginal medication, serious cardiac arrhythmia not
                  controlled by adequate medication, severe conduction abnormality, or clinically
                  significant valvular disease

               -  High-risk uncontrolled arrhythmias (i.e., atrial tachycardia with a heart rate &gt;
                  100/min at rest, significant ventricular arrhythmia [ventricular tachycardia], or
                  higher-grade atrioventricular [AV]-block [second degree AV-block Type 2 [Mobitz
                  2] or third degree AV-block])

               -  Significant symptoms (Grade ≥ 2) relating to left ventricular dysfunction,
                  cardiac arrhythmia, or cardiac ischemia

               -  Myocardial infarction within 12 months prior to registration

               -  Uncontrolled hypertension (systolic blood pressure &gt; 180 mmHg and/or diastolic
                  blood pressure &gt;100 mmHg)

               -  Evidence of transmural infarction on ECG

               -  Requirement for oxygen therapy

          -  Co-morbid systemic illnesses or other severe concurrent disease which, in the judgment
             of the investigator, would make the patient inappropriate for entry into this study or
             interfere significantly with the proper assessment of safety and toxicity of the
             prescribed regimens.

          -  Uncontrolled intercurrent illness including, but not limited to, ongoing or active
             infection or psychiatric illness/social situations that would limit compliance with
             study requirements.

          -  Currently receiving any other investigational agent which would be considered as a
             treatment for the primary neoplasm.

          -  Concurrent second malignancy or past malignancy with &gt;30% estimated risk of relapse in
             next 5 years. EXCEPTIONS: Non-melanotic skin cancer or carcinoma-in-situ of the
             cervix. -NOTE: If there is a history or prior malignancy, patient must not be
             receiving active treatment for this malignancy cancer.

          -  Any prior treatment with T-DM1 or any trastuzumab therapy.

          -  Any neoadjuvant chemotherapy for this breast cancer.

             -&gt;4 weeks of tamoxifen therapy, or other hormonal therapy, for adjuvant therapy for
             this malignancy

          -  NOTE: If the patient has received &lt;4 weeks of such therapy but is still receiving it
             at the time of entry into the study, patient must temporarily stop the therapy. The
             therapy can re-start only after 12 weeks of T-DM1 has been administered.

          -  History of exposure at any time to the following cumulative doses of anthracyclines:

               -  Doxorubicin or liposomal doxorubicin &gt;500mg/m2.

               -  Epirubicin &gt;900mg/m2.

               -  Mitoxantrone &gt;120 mg/m2.

               -  Another anthracycline, or more than one anthracycline used in a cumulative dose
                  exceeding the equivalent of doxorubicin 500mg/m2.

          -  History of intolerance (including Grade 3 or 4 infusion reactions) to murine proteins.

          -  History of previous invasive breast cancer ≤5 years.

          -  NOTE: History of DCIS, LCIS is allowed.
      </textblock>
    </criteria>
    <gender>All</gender>
    <minimum_age>60 Years</minimum_age>
    <maximum_age>N/A</maximum_age>
    <healthy_volunteers>No</healthy_volunteers>
  </eligibility>
  <overall_official>
    <last_name>Rachel Freedman, MD MPH</last_name>
    <role>Principal Investigator</role>
    <affiliation>Dana-Farber Cancer Institute</affiliation>
  </overall_official>
  <overall_contact>
    <last_name>Rachel Freedman, MD</last_name>
    <phone>617-632-4587</phone>
    <email>rafreedman@partners.org</email>
  </overall_contact>
  <location>
    <facility>
      <name>City of Hope Comprehensive Cancer Center</name>
      <address>
        <city>Duarte</city>
        <state>California</state>
        <zip>91010</zip>
        <country>United States</country>
      </address>
    </facility>
    <status>Recruiting</status>
    <contact>
      <last_name>Mina Sedrak, M</last_name>
      <email>msedrak@coh.org</email>
    </contact>
    <investigator>
      <last_name>Mina Sedrak, MD</last_name>
      <role>Principal Investigator</role>
    </investigator>
  </location>
  <location>
    <facility>
      <name>The Stamford Hospital</name>
      <address>
        <city>Stamford</city>
        <state>Connecticut</state>
        <zip>06904</zip>
        <country>United States</country>
      </address>
    </facility>
    <status>Recruiting</status>
    <contact>
      <last_name>K.M. Steve Lo, MD</last_name>
      <email>SLo@stamhealth.org</email>
    </contact>
    <investigator>
      <last_name>K.M. Steve Lo, MD</last_name>
      <role>Principal Investigator</role>
    </investigator>
  </location>
  <location>
    <facility>
      <name>Eastern Maine Medical Center</name>
      <address>
        <city>Brewer</city>
        <state>Maine</state>
        <zip>04412</zip>
        <country>United States</country>
      </address>
    </facility>
    <status>Recruiting</status>
    <contact>
      <last_name>Laurie Lewis</last_name>
      <phone>207-973-4249</phone>
      <email>llewis@northernlight.org</email>
    </contact>
    <investigator>
      <last_name>Sarah J Sinclair, MD</last_name>
      <role>Principal Investigator</role>
    </investigator>
  </location>
  <location>
    <facility>
      <name>Dana Farber Cancer Institute</name>
      <address>
        <city>Boston</city>
        <state>Massachusetts</state>
        <zip>02215</zip>
        <country>United States</country>
      </address>
    </facility>
    <status>Recruiting</status>
    <contact>
      <last_name>Rachel Freedman, MD MPH</last_name>
      <phone>617-632-4587</phone>
      <email>rafreedman@partners.org</email>
    </contact>
    <investigator>
      <last_name>Rachel Freedman, MD MPH</last_name>
      <role>Principal Investigator</role>
    </investigator>
  </location>
  <location>
    <facility>
      <name>Massachusetts General Hospital</name>
      <address>
        <city>Boston</city>
        <state>Massachusetts</state>
        <zip>02215</zip>
        <country>United States</country>
      </address>
    </facility>
    <status>Recruiting</status>
    <contact>
      <last_name>Laura Spring, MD</last_name>
      <phone>617-724-4000</phone>
      <email>Lspring2@partners.org</email>
    </contact>
    <investigator>
      <last_name>Laura Spring, MD</last_name>
      <role>Principal Investigator</role>
    </investigator>
  </location>
  <location>
    <facility>
      <name>Dana-Farber Cancer Institute at St. Elizabeth's Medical Center</name>
      <address>
        <city>Brighton</city>
        <state>Massachusetts</state>
        <zip>02135</zip>
        <country>United States</country>
      </address>
    </facility>
    <status>Recruiting</status>
    <contact>
      <last_name>Caroline Block, MD</last_name>
      <email>Caroline_Block@DFCI.HARVARD.EDU</email>
    </contact>
  </location>
  <location>
    <facility>
      <name>Dana-Farber/Brigham and Women's Cancer Center at Milford Regional Medical Center</name>
      <address>
        <city>Milford</city>
        <state>Massachusetts</state>
        <zip>01757</zip>
        <country>United States</country>
      </address>
    </facility>
    <status>Recruiting</status>
    <contact>
      <last_name>Natalie Sinclair, MD</last_name>
      <email>NSINCLAIR1@PARTNERS.ORG</email>
    </contact>
  </location>
  <location>
    <facility>
      <name>Dana-Farber/Brigham and Women's Cancer Center in clinical affiliation with South Shore Hospital</name>
      <address>
        <city>South Weymouth</city>
        <state>Massachusetts</state>
        <zip>02190</zip>
        <country>United States</country>
      </address>
    </facility>
    <status>Recruiting</status>
    <contact>
      <last_name>Meredith Faggen, MD</last_name>
    </contact>
  </location>
  <location>
    <facility>
      <name>Mayo Clinic</name>
      <address>
        <city>Rochester</city>
        <state>Minnesota</state>
        <zip>55905</zip>
        <country>United States</country>
      </address>
    </facility>
    <status>Recruiting</status>
    <contact>
      <last_name>Kathryn Ruddy, MD</last_name>
      <email>ruddy.kathryn@mayo.edu</email>
    </contact>
    <investigator>
      <last_name>Kathryn Ruddy, MD</last_name>
      <role>Principal Investigator</role>
    </investigator>
  </location>
  <location>
    <facility>
      <name>Dana-Farber/New Hampshire Oncology-Hematology</name>
      <address>
        <city>Londonderry</city>
        <state>New Hampshire</state>
        <zip>03053</zip>
        <country>United States</country>
      </address>
    </facility>
    <status>Recruiting</status>
    <contact>
      <last_name>Frederick Briccetti, MD</last_name>
      <email>Fred_Briccetti@DFCI.HARVARD.EDU</email>
    </contact>
  </location>
  <location>
    <facility>
      <name>Memorial Sloan Kettering Cancer Center</name>
      <address>
        <city>New York</city>
        <state>New York</state>
        <zip>10065</zip>
        <country>United States</country>
      </address>
    </facility>
    <status>Recruiting</status>
    <contact>
      <last_name>Chau Dang, MD</last_name>
      <email>dangc@mskcc.org</email>
    </contact>
    <investigator>
      <last_name>Chau Dang, MD</last_name>
      <role>Principal Investigator</role>
    </investigator>
  </location>
  <location>
    <facility>
      <name>University of North Carolina</name>
      <address>
        <city>Chapel Hill</city>
        <state>North Carolina</state>
        <zip>27599</zip>
        <country>United States</country>
      </address>
    </facility>
    <status>Recruiting</status>
    <contact>
      <last_name>Trevor Jolly, MD</last_name>
      <email>trevor_jolly@med.unc.edu</email>
    </contact>
  </location>
  <location>
    <facility>
      <name>Rex Cancer Center</name>
      <address>
        <city>Raleigh</city>
        <state>North Carolina</state>
        <zip>27607</zip>
        <country>United States</country>
      </address>
    </facility>
    <status>Recruiting</status>
    <contact>
      <last_name>Julia Rauch</last_name>
      <email>Julia.Rauch@unchealth.unc.edu</email>
    </contact>
    <investigator>
      <last_name>Julia Rauch, MD</last_name>
      <role>Principal Investigator</role>
    </investigator>
  </location>
  <location>
    <facility>
      <name>Lifespan Cancer Institute</name>
      <address>
        <city>Providence</city>
        <state>Rhode Island</state>
        <zip>02903</zip>
        <country>United States</country>
      </address>
    </facility>
    <status>Recruiting</status>
    <contact>
      <last_name>Mary A Fenton, MD</last_name>
      <email>MFenton@Lifespan.org</email>
    </contact>
    <investigator>
      <last_name>Mary A Fenton, MD</last_name>
      <role>Principal Investigator</role>
    </investigator>
  </location>
  <location>
    <facility>
      <name>Sarah Cannon Research Institute</name>
      <address>
        <city>Nashville</city>
        <state>Tennessee</state>
        <zip>37203</zip>
        <country>United States</country>
      </address>
    </facility>
    <status>Recruiting</status>
    <contact>
      <last_name>Erika Hamilton, MD</last_name>
      <email>ehamilton@tnonc.com</email>
    </contact>
    <investigator>
      <last_name>Erika Hamilton, MD</last_name>
      <role>Principal Investigator</role>
    </investigator>
  </location>
  <location_countries>
    <country>United States</country>
  </location_countries>
  <verification_date>May 2020</verification_date>
  <study_first_submitted>June 21, 2018</study_first_submitted>
  <study_first_submitted_qc>July 3, 2018</study_first_submitted_qc>
  <study_first_posted type="Actual">July 16, 2018</study_first_posted>
  <last_update_submitted>May 28, 2020</last_update_submitted>
  <last_update_submitted_qc>May 28, 2020</last_update_submitted_qc>
  <last_update_posted type="Actual">May 29, 2020</last_update_posted>
  <responsible_party>
    <responsible_party_type>Principal Investigator</responsible_party_type>
    <investigator_affiliation>Dana-Farber Cancer Institute</investigator_affiliation>
    <investigator_full_name>Rachel Freedman, MD, MPH</investigator_full_name>
    <investigator_title>Principal Investigator</investigator_title>
  </responsible_party>
  <keyword>Breast Cancer</keyword>
  <condition_browse>
    <!-- CAUTION:  The following MeSH terms are assigned with an imperfect algorithm            -->
    <mesh_term>Breast Neoplasms</mesh_term>
  </condition_browse>
  <intervention_browse>
    <!-- CAUTION:  The following MeSH terms are assigned with an imperfect algorithm            -->
    <mesh_term>Ado-trastuzumab emtansine</mesh_term>
  </intervention_browse>
  <patient_data>
    <sharing_ipd>No</sharing_ipd>
  </patient_data>
  <!-- Results have not yet been posted for this study                                          -->
</clinical_study>

